{
    "start": [
        -1000,
        -1000
    ],
    "goal": [
        1000,
        1000
    ],
    "obstacles": [
        [
            [
                -3.8028213666429855,
                -1.5772323344273529
            ],
            [
                -16.608169202455617,
                -10.796576106274237
            ],
            [
                11.852879088364014,
                -15.886399253531199
            ],
            [
                17.759229095909244,
                -8.816880972018074
            ]
        ],
        [
            [
                -68.21992943780461,
                -406.56858984481573
            ],
            [
                -57.66150491923702,
                -412.2235579791111
            ],
            [
                -57.01916693159472,
                -409.09409188538785
            ]
        ],
        [
            [
                -411.49701236661366,
                -190.88902115948497
            ],
            [
                -384.7872261897151,
                -195.33907060976432
            ],
            [
                -383.23157488995065,
                -195.25615082562416
            ],
            [
                -382.65123326720874,
                -192.33516387360606
            ]
        ],
        [
            [
                710.7028253550515,
                52.21215458163804
            ],
            [
                719.181932716052,
                52.053235267079785
            ],
            [
                719.7870277407077,
                52.340687100434444
            ],
            [
                725.2412660396998,
                52.216563018184985
            ]
        ],
        [
            [
                -358.3714366282519,
                -79.69118333322336
            ],
            [
                -350.82945353527424,
                -81.70382343686049
            ],
            [
                -349.4387532066154,
                -81.38418386992937
            ]
        ],
        [
            [
                248.39588243112377,
                -597.0753970577422
            ],
            [
                234.24339014454227,
                -588.7840009934171
            ],
            [
                248.8705499444949,
                -622.9510733920613
            ]
        ],
        [
            [
                -236.67960699764438,
                916.1026608084945
            ],
            [
                -253.71334639247488,
                912.3506653684979
            ],
            [
                -258.3443782193067,
                907.1583362560532
            ],
            [
                -251.7545734463412,
                893.569057230794
            ]
        ],
        [
            [
                592.6442921701948,
                776.1114901519813
            ],
            [
                596.9686067778399,
                753.4242209878661
            ],
            [
                607.505306384776,
                756.9528762461919
            ]
        ],
        [
            [
                -226.08175285448215,
                398.6217416743557
            ],
            [
                -218.21845314887665,
                398.2371270748641
            ],
            [
                -213.5795377079204,
                399.01548968035104
            ],
            [
                -211.60904739270936,
                399.0567114735521
            ]
        ],
        [
            [
                -977.5922417673326,
                364.15156096960715
            ],
            [
                -962.1555121300797,
                363.353051907348
            ],
            [
                -959.4749337630212,
                365.5133712538196
            ]
        ],
        [
            [
                615.847259665182,
                356.0125737151322
            ],
            [
                625.7665886653333,
                362.77008464088294
            ],
            [
                628.8375838023577,
                364.6065482253114
            ],
            [
                631.356297936233,
                365.58338299803165
            ]
        ],
        [
            [
                -831.4066198976078,
                -761.8941940293597
            ],
            [
                -817.7641209903697,
                -768.9080981475639
            ],
            [
                -809.2038209721906,
                -757.4105087720798
            ]
        ],
        [
            [
                -676.274010479177,
                -536.8524035126245
            ],
            [
                -665.5028657788173,
                -540.3858352408719
            ],
            [
                -660.9329482292061,
                -540.6204247831483
            ]
        ],
        [
            [
                295.1589010093322,
                -630.6185722554038
            ],
            [
                295.8156890805891,
                -654.8306671492286
            ],
            [
                297.1812556272899,
                -656.7447477895322
            ]
        ],
        [
            [
                -390.22671007380654,
                -233.60325363663753
            ],
            [
                -414.5967989784024,
                -240.45202118820026
            ],
            [
                -390.9083587022559,
                -268.1902252257904
            ]
        ],
        [
            [
                -641.690369288638,
                -951.0898320598743
            ],
            [
                -646.5029951889161,
                -945.2867068318238
            ],
            [
                -635.558899168139,
                -966.7487425591581
            ]
        ],
        [
            [
                -7.873312215762284,
                41.27076618965674
            ],
            [
                7.030909686954484,
                49.09961760233139
            ],
            [
                9.795661623109833,
                49.83917062407536
            ]
        ],
        [
            [
                470.12576053482184,
                -350.4282258135883
            ],
            [
                478.7178528404982,
                -380.9740419755335
            ],
            [
                480.77899551498507,
                -383.8970254534393
            ],
            [
                491.2507876596823,
                -366.66943204988297
            ]
        ],
        [
            [
                128.9853989153127,
                827.6141723061974
            ],
            [
                140.74629191015265,
                835.955518525098
            ],
            [
                144.26234298222298,
                837.5982735269604
            ]
        ],
        [
            [
                542.1398569191955,
                -152.918332776567
            ],
            [
                557.3926732149364,
                -152.9399964170466
            ],
            [
                557.9286057089752,
                -150.59781612399092
            ],
            [
                558.0278921375137,
                -149.55407194732788
            ]
        ],
        [
            [
                338.88358178405076,
                569.8264764390769
            ],
            [
                326.0714945743843,
                577.7925265485667
            ],
            [
                345.58893251056276,
                557.9897290585611
            ]
        ],
        [
            [
                -571.9742849066621,
                608.9057035187784
            ],
            [
                -553.4018984772107,
                599.3463092275279
            ],
            [
                -546.3390204799919,
                602.5905124108662
            ],
            [
                -544.850729244246,
                603.8126852377721
